name,shape,dtype,nodes,edges,divisions,nodes_per_t
44b6_0113de3b,"(100, 64, 256, 256)",uint16,52,50,0,1.0
44b6_0b24845f,"(100, 64, 256, 256)",uint16,51,49,0,1.3
44b6_0c582fdc,"(100, 64, 256, 256)",uint16,71,70,0,1.0
44b6_0db75fae,"(100, 64, 256, 256)",uint16,157,151,0,1.8
44b6_12dfb391,"(100, 64, 256, 256)",uint16,788,773,1,7.9
44b6_144b256d,"(100, 64, 256, 256)",uint16,121,119,0,1.2
44b6_1574802b,"(100, 64, 256, 256)",uint16,155,153,0,1.6
44b6_18ced818,"(100, 64, 256, 256)",uint16,100,99,0,1.0
44b6_1d530831,"(100, 64, 256, 256)",uint16,276,271,0,2.8
44b6_24264f12,"(100, 64, 256, 256)",uint16,230,221,0,2.6
44b6_267148e4,"(100, 64, 256, 256)",uint16,280,277,1,2.8
44b6_2a2eff9f,"(100, 64, 256, 256)",uint16,214,210,1,2.1
44b6_2f31fc2f,"(100, 64, 256, 256)",uint16,89,85,0,1.3
44b6_33b596bf,"(100, 64, 256, 256)",uint16,50,49,0,1.0
44b6_341df25f,"(100, 64, 256, 256)",uint16,216,209,1,2.2
44b6_3a861e03,"(100, 64, 256, 256)",uint16,935,919,0,9.3
44b6_3bb3690f,"(100, 64, 256, 256)",uint16,400,396,0,4.0
44b6_40c45f5a,"(100, 64, 256, 256)",uint16,200,198,0,2.0
44b6_415c0a3a,"(100, 64, 256, 256)",uint16,331,322,0,3.3
44b6_53f95252,"(100, 64, 256, 256)",uint16,70,68,0,1.4
44b6_551a5dba,"(100, 64, 256, 256)",uint16,228,224,0,2.3
44b6_5740d24b,"(100, 64, 256, 256)",uint16,173,170,0,1.7
44b6_587a1e22,"(100, 64, 256, 256)",uint16,381,371,1,4.0
44b6_5f15d135,"(100, 64, 256, 256)",uint16,278,273,1,2.8
44b6_668e0cc7,"(100, 64, 256, 256)",uint16,643,631,0,6.4
44b6_66f9292d,"(100, 64, 256, 256)",uint16,200,198,0,2.0
44b6_706092f0,"(100, 64, 256, 256)",uint16,118,117,1,1.2
44b6_71a4179f,"(100, 64, 256, 256)",uint16,121,119,0,1.2
44b6_74d0c52e,"(100, 64, 256, 256)",uint16,140,139,1,1.4
44b6_7a302da0,"(100, 64, 256, 256)",uint16,516,507,1,5.2
44b6_7e557709,"(100, 64, 256, 256)",uint16,570,560,0,5.7
44b6_808952d6,"(100, 64, 256, 256)",uint16,181,179,0,1.8
44b6_81c256f0,"(100, 64, 256, 256)",uint16,199,197,0,2.0
44b6_87bba6c4,"(100, 64, 256, 256)",uint16,153,149,0,1.9
44b6_8cc6506c,"(100, 64, 256, 256)",uint16,400,396,0,4.0
44b6_8f5ab931,"(100, 64, 256, 256)",uint16,616,604,0,6.2
44b6_8f9ecab4,"(100, 64, 256, 256)",uint16,374,370,0,3.7
44b6_90724892,"(100, 64, 256, 256)",uint16,105,103,0,1.8
44b6_949adeb1,"(100, 64, 256, 256)",uint16,388,378,0,5.1
44b6_95029e92,"(100, 64, 256, 256)",uint16,200,198,0,2.0
44b6_97725144,"(100, 64, 256, 256)",uint16,225,221,0,2.2
44b6_996155de,"(100, 64, 256, 256)",uint16,380,377,1,3.8
44b6_9be80b04,"(100, 64, 256, 256)",uint16,222,220,1,2.2
44b6_9bfa6a0a,"(100, 64, 256, 256)",uint16,264,259,0,2.6
44b6_a21120c2,"(100, 64, 256, 256)",uint16,296,286,2,3.5
44b6_a2bb48bb,"(100, 64, 256, 256)",uint16,416,410,0,4.2
44b6_aaf8b0ea,"(100, 64, 256, 256)",uint16,209,206,1,2.1
44b6_abf82518,"(100, 64, 256, 256)",uint16,96,94,0,1.7
44b6_b2c44266,"(100, 64, 256, 256)",uint16,170,168,0,1.7
44b6_c15fded2,"(100, 64, 256, 256)",uint16,104,102,0,1.9
44b6_c50204e0,"(100, 64, 256, 256)",uint16,333,325,2,3.3
44b6_c771cb04,"(100, 64, 256, 256)",uint16,227,223,0,2.3
44b6_c8e2a523,"(100, 64, 256, 256)",uint16,168,164,1,2.1
44b6_c96cfa10,"(100, 64, 256, 256)",uint16,629,616,0,6.3
44b6_cf2536e8,"(100, 64, 256, 256)",uint16,76,75,0,1.0
44b6_cf8fed6b,"(100, 64, 256, 256)",uint16,191,188,0,2.0
44b6_d29c9ab2,"(100, 64, 256, 256)",uint16,1353,1328,0,13.5
44b6_d2f34f90,"(100, 64, 256, 256)",uint16,283,281,2,2.8
44b6_d5e7d891,"(100, 64, 256, 256)",uint16,906,893,2,9.1
44b6_d754aa59,"(100, 64, 256, 256)",uint16,72,70,1,1.1
44b6_d78e09d9,"(100, 64, 256, 256)",uint16,463,451,0,4.6
44b6_db3c847b,"(100, 64, 256, 256)",uint16,165,162,0,1.9
44b6_ddf577ad,"(100, 64, 256, 256)",uint16,659,647,0,6.6
44b6_deabac95,"(100, 64, 256, 256)",uint16,126,124,1,1.5
44b6_e28840c6,"(100, 64, 256, 256)",uint16,311,309,2,3.1
44b6_e29f0176,"(100, 64, 256, 256)",uint16,51,50,0,1.0
44b6_e31261b4,"(100, 64, 256, 256)",uint16,116,113,0,1.4
44b6_e35b117d,"(100, 64, 256, 256)",uint16,270,266,0,2.7
44b6_e57ff5c6,"(100, 64, 256, 256)",uint16,193,186,0,1.9
44b6_eb2880fc,"(100, 64, 256, 256)",uint16,390,379,1,3.9
44b6_f28707c6,"(100, 64, 256, 256)",uint16,63,61,0,1.0
6bba_05b6850b,"(100, 64, 256, 256)",uint16,861,845,0,8.6
6bba_05db0fb1,"(100, 64, 256, 256)",uint16,1229,1183,3,12.3
6bba_062c8d37,"(100, 64, 256, 256)",uint16,930,898,1,9.4
6bba_07477033,"(100, 64, 256, 256)",uint16,613,602,0,6.1
6bba_07e24132,"(100, 64, 256, 256)",uint16,359,345,2,3.6
6bba_085bf656,"(100, 64, 256, 256)",uint16,1198,1168,1,12.0
6bba_09961292,"(100, 64, 256, 256)",uint16,1950,1871,4,19.5
6bba_0c7fa718,"(100, 64, 256, 256)",uint16,704,659,0,7.5
6bba_0e7c0d07,"(100, 64, 256, 256)",uint16,209,198,1,2.5
6bba_12665c0e,"(100, 64, 256, 256)",uint16,1036,998,3,10.4
6bba_13f19531,"(100, 64, 256, 256)",uint16,737,704,0,7.4
6bba_15403b9a,"(100, 64, 256, 256)",uint16,758,729,0,7.6
6bba_1d0d8384,"(100, 64, 256, 256)",uint16,1438,1365,1,14.4
6bba_1ebfb80d,"(100, 64, 256, 256)",uint16,745,719,0,7.5
6bba_1f58c2f6,"(100, 64, 256, 256)",uint16,317,299,0,3.2
6bba_207c6aaf,"(100, 64, 256, 256)",uint16,475,450,1,4.8
6bba_20852818,"(100, 64, 256, 256)",uint16,952,909,3,9.5
6bba_2312ac41,"(100, 64, 256, 256)",uint16,1156,1132,2,11.6
6bba_23af9eeb,"(100, 64, 256, 256)",uint16,513,499,0,5.1
6bba_2540cd90,"(100, 64, 256, 256)",uint16,529,523,0,5.3
6bba_2646afc7,"(100, 64, 256, 256)",uint16,738,721,0,7.4
6bba_268e1230,"(100, 64, 256, 256)",uint16,641,609,1,6.4
6bba_2819ca14,"(100, 64, 256, 256)",uint16,986,949,1,9.9
6bba_283bf9f1,"(100, 64, 256, 256)",uint16,1342,1288,0,13.4
6bba_312f0dc3,"(100, 64, 256, 256)",uint16,520,500,0,6.4
6bba_32db13fc,"(100, 64, 256, 256)",uint16,862,811,1,8.7
6bba_337b1b3a,"(100, 64, 256, 256)",uint16,1272,1213,2,15.7
6bba_372c8cb8,"(100, 64, 256, 256)",uint16,1036,1007,0,10.4
6bba_3a1849c2,"(100, 64, 256, 256)",uint16,1173,1142,0,11.7
6bba_3abfe10a,"(100, 64, 256, 256)",uint16,997,935,1,12.2
6bba_3c5691b6,"(100, 64, 256, 256)",uint16,765,746,2,7.7
6bba_3db54e20,"(100, 64, 256, 256)",uint16,502,474,1,5.3
6bba_3fda6b25,"(100, 64, 256, 256)",uint16,1207,1179,1,12.2
6bba_43fea39d,"(100, 64, 256, 256)",uint16,910,880,0,9.1
6bba_474be664,"(100, 64, 256, 256)",uint16,292,286,1,2.9
6bba_48816121,"(100, 64, 256, 256)",uint16,935,918,5,9.3
6bba_4aa14c89,"(100, 64, 256, 256)",uint16,707,681,0,7.1
6bba_4f99ce20,"(100, 64, 256, 256)",uint16,1057,1010,2,10.7
6bba_4ffd3da3,"(100, 64, 256, 256)",uint16,706,689,3,7.1
6bba_55b7eebe,"(100, 64, 256, 256)",uint16,705,688,1,7.0
6bba_55c70843,"(100, 64, 256, 256)",uint16,490,467,0,6.0
6bba_57b7cc1e,"(100, 64, 256, 256)",uint16,1659,1592,3,16.6
6bba_5a4d9360,"(100, 64, 256, 256)",uint16,747,722,0,7.5
6bba_5b28472a,"(100, 64, 256, 256)",uint16,737,724,0,7.4
6bba_5c039895,"(100, 64, 256, 256)",uint16,1174,1145,3,11.7
6bba_5c824876,"(100, 64, 256, 256)",uint16,1170,1130,1,11.7
6bba_5dfe9ad1,"(100, 64, 256, 256)",uint16,1542,1487,0,15.4
6bba_5f89039d,"(100, 64, 256, 256)",uint16,904,885,0,9.0
6bba_61dd1e0d,"(100, 64, 256, 256)",uint16,558,543,0,5.6
6bba_61ecbe65,"(100, 64, 256, 256)",uint16,640,614,1,6.4
6bba_6321a359,"(100, 64, 256, 256)",uint16,827,798,1,8.4
6bba_6479435d,"(100, 64, 256, 256)",uint16,617,580,0,6.5
6bba_67ebd073,"(100, 64, 256, 256)",uint16,462,438,1,4.6
6bba_6ca87370,"(100, 64, 256, 256)",uint16,1081,1052,1,10.8
6bba_6db0e9b4,"(100, 64, 256, 256)",uint16,449,440,0,5.1
6bba_6feb10f0,"(100, 64, 256, 256)",uint16,1368,1343,0,13.7
6bba_6feeb0b1,"(100, 64, 256, 256)",uint16,1389,1343,0,13.9
6bba_705ec2c9,"(100, 64, 256, 256)",uint16,596,562,1,6.0
6bba_718b21f9,"(100, 64, 256, 256)",uint16,661,652,0,6.6
6bba_74686d6a,"(100, 64, 256, 256)",uint16,586,576,2,5.9
6bba_767a1e17,"(100, 64, 256, 256)",uint16,718,658,0,15.3
6bba_76db78c1,"(100, 64, 256, 256)",uint16,617,604,0,6.2
6bba_784a78c9,"(100, 64, 256, 256)",uint16,1788,1739,1,17.9
6bba_786893ac,"(100, 64, 256, 256)",uint16,1465,1395,3,14.7
6bba_789f8168,"(100, 64, 256, 256)",uint16,713,681,0,7.1
6bba_78a7bd97,"(100, 64, 256, 256)",uint16,886,832,2,9.4
6bba_7af54fde,"(100, 64, 256, 256)",uint16,1131,1092,2,11.3
6bba_7b5d3b2c,"(100, 64, 256, 256)",uint16,565,555,0,5.7
6bba_7d3058ae,"(100, 64, 256, 256)",uint16,1200,1173,2,12.0
6bba_7f87b3d8,"(100, 64, 256, 256)",uint16,1000,934,3,10.1
6bba_80d12824,"(100, 64, 256, 256)",uint16,680,654,1,6.8
6bba_825bd1c6,"(100, 64, 256, 256)",uint16,968,930,0,9.7
6bba_87289e13,"(100, 64, 256, 256)",uint16,724,699,1,7.2
6bba_8b7818bf,"(100, 64, 256, 256)",uint16,741,725,2,7.4
6bba_907271db,"(100, 64, 256, 256)",uint16,945,921,1,9.4
6bba_91951b3a,"(100, 64, 256, 256)",uint16,1188,1148,0,11.9
6bba_96833384,"(100, 64, 256, 256)",uint16,758,721,0,7.7
6bba_969618f6,"(100, 64, 256, 256)",uint16,679,658,3,6.8
6bba_971fa5e0,"(100, 64, 256, 256)",uint16,792,767,0,7.9
6bba_9a41d029,"(100, 64, 256, 256)",uint16,1401,1353,2,14.0
6bba_9e23430b,"(100, 64, 256, 256)",uint16,914,891,1,9.1
6bba_a5e926bb,"(100, 64, 256, 256)",uint16,741,698,0,7.4
6bba_a90a0b9c,"(100, 64, 256, 256)",uint16,1147,1112,0,11.5
6bba_ab78413d,"(100, 64, 256, 256)",uint16,1179,1138,2,11.8
6bba_acd782a8,"(100, 64, 256, 256)",uint16,356,330,0,4.0
6bba_ae82a791,"(100, 64, 256, 256)",uint16,1495,1471,0,14.9
6bba_aeee7805,"(100, 64, 256, 256)",uint16,795,768,1,8.0
6bba_af149c94,"(100, 64, 256, 256)",uint16,1350,1317,0,13.5
6bba_afb141ff,"(100, 64, 256, 256)",uint16,654,626,4,6.5
6bba_b1ae37b9,"(100, 64, 256, 256)",uint16,612,579,0,7.0
6bba_b204cac7,"(100, 64, 256, 256)",uint16,826,811,2,8.3
6bba_b329af44,"(100, 64, 256, 256)",uint16,1316,1268,1,13.2
6bba_b693381b,"(100, 64, 256, 256)",uint16,983,935,0,9.9
6bba_bb9f20c3,"(100, 64, 256, 256)",uint16,1925,1879,3,20.1
6bba_bbb708ca,"(100, 64, 256, 256)",uint16,892,861,0,8.9
6bba_c27cba08,"(100, 64, 256, 256)",uint16,517,493,0,5.2
6bba_c328f2fd,"(100, 64, 256, 256)",uint16,511,500,2,5.3
6bba_c73a1d11,"(100, 64, 256, 256)",uint16,737,710,0,7.8
6bba_cdcfe533,"(100, 64, 256, 256)",uint16,1419,1348,4,17.3
6bba_cf35214c,"(100, 64, 256, 256)",uint16,842,817,0,8.4
6bba_cff5865f,"(100, 64, 256, 256)",uint16,1571,1501,0,16.2
6bba_d0fc38b5,"(100, 64, 256, 256)",uint16,835,813,0,8.3
6bba_d1acb6ff,"(100, 64, 256, 256)",uint16,681,643,1,6.8
6bba_d2b9fc0c,"(100, 64, 256, 256)",uint16,944,921,2,9.4
6bba_d3da753b,"(100, 64, 256, 256)",uint16,887,857,1,8.9
6bba_d5eae175,"(100, 64, 256, 256)",uint16,528,519,0,5.4
6bba_d6ecebbb,"(100, 64, 256, 256)",uint16,886,862,0,8.9
6bba_d82a4fc6,"(100, 64, 256, 256)",uint16,545,530,0,5.5
6bba_debd7bfa,"(100, 64, 256, 256)",uint16,766,729,4,7.7
6bba_df673a83,"(100, 64, 256, 256)",uint16,668,654,4,6.7
6bba_e16ffc58,"(100, 64, 256, 256)",uint16,964,942,1,9.6
6bba_e5e44988,"(100, 64, 256, 256)",uint16,666,634,0,6.7
6bba_ebdf3b34,"(100, 64, 256, 256)",uint16,847,803,2,8.6
6bba_ebff6e76,"(100, 64, 256, 256)",uint16,1318,1264,0,13.2
6bba_ed9377fd,"(100, 64, 256, 256)",uint16,531,508,0,5.3
6bba_edf14583,"(100, 64, 256, 256)",uint16,801,760,0,8.0
6bba_eebc57a5,"(100, 64, 256, 256)",uint16,1026,989,0,10.3
6bba_ef7b4f7e,"(100, 64, 256, 256)",uint16,1234,1201,2,12.6
6bba_f17befbc,"(100, 64, 256, 256)",uint16,1078,1015,0,10.9
6bba_f1fde7e0,"(100, 64, 256, 256)",uint16,476,446,0,4.8
6bba_f20478e9,"(100, 64, 256, 256)",uint16,1003,963,1,10.0
6bba_f4ae811c,"(100, 64, 256, 256)",uint16,1001,965,0,10.0
6bba_f8ffd5e7,"(100, 64, 256, 256)",uint16,389,370,2,4.2
6bba_fbc898dc,"(100, 64, 256, 256)",uint16,655,639,0,6.5
6bba_fc516dc6,"(100, 64, 256, 256)",uint16,788,762,0,7.9
6bba_fc5f39dc,"(100, 64, 256, 256)",uint16,471,458,2,4.7
6bba_fc83837d,"(100, 64, 256, 256)",uint16,957,923,0,9.6
6bba_fe670320,"(100, 64, 256, 256)",uint16,716,680,2,7.2
